feature,JS_divergence,Wasserstein
NSVOb,0.972085540867566,0.11020023401824597
QUANTn,0.9712533904003294,0.07931037100849148
N2SVOb,0.9710908819132575,0.14455525770306296
EMOcon,0.967939951373807,0.16556113634080458
EMOtru,0.964799849269441,0.1077032020924493
NSVOsn,0.9647296541508702,0.03415971745131951
N2SVOsn,0.9620368031393544,0.03645385520250331
ORDD,0.9617496947807443,0.006666583254065356
NSVO,0.9599597295593931,0.0063665792883589
N2SNOb,0.958892861753345,0.21701637394119302
