feature,JS_divergence,Wasserstein
FryX,0.8142937916601739,31.101747454388175
FKGL,0.7828173421920311,26.101026558511663
2GNLFtv,0.5857502349461678,19.207480357804897
2GNLFs,0.5612546129755022,18.133817153033988
1GNLFtv,0.32452307545007375,16.357084199166522
1GNLFf,0.3159865341492896,16.0359269640474
LIX,0.7652128179844023,16.00638605849562
1GNLFw,0.3079016855728628,15.848790295529202
2GNLFb,0.4939021083695173,15.826982439580263
1GNLFb,0.3071350723431789,15.813194471927897
