feature,JS_divergence,Wasserstein
N2SCWOb,0.9817695672161476,0.3251350706733813
NSCWOb,0.9815175350385744,0.2935239959059751
NSNOb,0.980566834371522,0.19292178088195383
N2SLOb,0.9795569243804542,0.534322537950316
N2SNOb,0.979533923048094,0.21291183334850922
CONJscaus,0.9792995352393125,0.2294237092174775
N2SFWOb,0.9788421318512853,0.5081043835015757
N2SARGOb,0.9788336490637517,0.42802511981046687
N2SPOb,0.978440332015898,0.34718593802562525
EMOtru,0.9781246819509085,0.2502421107057466
