feature,JS_divergence,Wasserstein
1GNLFm,0.7286577830748008,144.98686668398585
1GNLFb,0.724233566665154,144.84406263162737
1GNLFw,0.7243882025756263,144.77742930454525
1GNLFn,0.7288428992718428,143.31003343515832
1GNLFf,0.7215290305062391,141.81093352517837
1GNLFs,0.719942245684671,140.1639959453965
1GNLFtv,0.7185085213498116,139.98170150689919
1GNLFa,0.7283389125954648,138.33585609846355
2GNLFm,0.6392294521517461,51.933708535823385
2GNLFb,0.6238153284640493,51.83932095171075
