feature,JS_divergence,Wasserstein
N2SARGOb,0.9863418046688931,0.44499362021411015
NSCWOb,0.9861531936468163,0.2885556978525005
N2SCWOb,0.9855033050364193,0.32933318065301953
N2SLOb,0.9853699132349184,0.5766963101901601
CONJscaus,0.9852806740134828,0.24840295614301508
N2SFWOb,0.9847927055625537,0.5460959963970909
N2SPOb,0.9843805963401433,0.3575968834363849
NSLOb,0.984000588033072,0.5434077337258528
N2SPOsn,0.9837515419406568,0.0989604300980972
N2SARGOsn,0.9830466208547093,0.1612251458476316
