feature,JS_divergence,Wasserstein
1GNLFm,0.7973728074163552,178.38353582228322
1GNLFw,0.794228941993032,176.63808507566986
1GNLFb,0.7937203572150342,176.3660950279656
1GNLFn,0.7981207298041556,175.8928587596359
1GNLFf,0.7916688460868273,174.2208009882016
1GNLFtv,0.78947275755921,170.0296577160678
1GNLFa,0.7960729179872069,169.87041793999438
1GNLFs,0.7891413735516868,169.5768478525277
2GNLFm,0.7029821897810202,62.38057728982748
2GNLFb,0.6817538700703316,58.396880397873225
