feature,JS_divergence,Wasserstein
1GNLFb,0.8263596581630732,173.98999690957496
1GNLFw,0.8270408890411163,173.95216244532537
1GNLFm,0.8284937960192233,173.712276755617
1GNLFn,0.8289866666107099,171.76165346128556
1GNLFf,0.8224819499144922,169.73136687441044
1GNLFs,0.8222911906963064,168.61070970597956
1GNLFtv,0.8197255193048287,168.0921307063556
1GNLFa,0.8301188696924152,166.57377994413227
2GNLFb,0.7150543901223125,65.54032123000391
2GNLFm,0.7281167229020377,65.04424377858663
