feature,JS_divergence,Wasserstein
NSLOb,0.9885863600257621,0.6194475583266924
NSARGOb,0.9880545171808174,0.42987005406302303
N2SARGOb,0.9875812375864826,0.4501976049077693
NSFWOb,0.9875082121893146,0.5727840518471354
NSCWOb,0.9874980364691415,0.288459595701155
N2SFWOb,0.9873440690592099,0.5599303553856367
N2SLOb,0.9870709504266364,0.5914614577453838
CONJscaus,0.9869889151474701,0.28297821615934743
N2SCWOb,0.9858720422342817,0.33067580721229967
N2SARGOsn,0.9857247248504543,0.16464473446238725
