feature,JS_divergence,Wasserstein
1GNLFm,0.8353363875802885,170.55471083866297
1GNLFw,0.833996514556446,169.3378447086297
1GNLFb,0.8340493275797676,169.30816960379343
1GNLFn,0.8356522446411344,168.26606542081544
1GNLFf,0.8308675991582317,165.81196687818044
1GNLFtv,0.8299332918826224,162.7965776044478
1GNLFs,0.8288262358445493,162.71900382923673
1GNLFa,0.8340017253441213,162.1658821860735
2GNLFm,0.7434173348758427,62.18894535469419
2GNLFb,0.7223387145223383,60.272904151350154
