feature,JS_divergence,Wasserstein
NSLOb,0.9908310372071927,0.6211946767671014
NSARGOb,0.9905113962197605,0.4343488292334112
NSFWOb,0.9899747750220641,0.5747770859502641
NSCWOb,0.9884330396297178,0.2887853288394844
NSARGOsn,0.9881561360726397,0.17371235891516357
CONJscaus,0.9878256528625076,0.24718166703946903
N2SLOb,0.9873595909043172,0.5941812094585329
N2SARGOb,0.9870176193278934,0.4516424256447416
N2SFWOb,0.9869365972844685,0.562150072376881
NSPOb,0.9868800489061741,0.339994721147892
