feature,JS_divergence,Wasserstein
1GNLFm,0.6398818961179757,99.69010061449701
1GNLFn,0.6382168716473972,98.25146594872216
1GNLFw,0.6323193824911606,97.67075603947006
1GNLFb,0.6308859153922198,97.34372137720128
1GNLFf,0.6315049695134083,96.19115268565645
1GNLFa,0.633066921854407,94.43501846455868
1GNLFs,0.6228368046752236,92.92352938125487
1GNLFtv,0.6229204631964367,92.63902949424906
2GNLFm,0.5673802483362975,34.39644296840494
2GNLFn,0.543715561725907,31.157728447453266
