feature,JS_divergence,Wasserstein
EMOcon,0.995214212400586,0.15545507558030483
QUANTn,0.9948358489100634,0.1603837164686009
NSVOb,0.9939920582145273,0.15276567607898345
EMOser,0.9937112698902985,0.23502273851519223
EMOtru,0.9920008199550695,0.15568107070316772
N2SVOb,0.9915151451407563,0.21000689670415135
CONJscond,0.9910814223678376,0.0983122634415819
EMOeag,0.9909929236463887,0.17790509585712222
N2SNOb,0.9909028097074888,0.2526010994160777
NSNOb,0.9901193692387774,0.18939287138238065
