feature,JS_divergence,Wasserstein
N2SLOb,0.9966233996749495,0.6980649107403586
EMOtru,0.9960137712230475,0.25707207085955913
EMOcon,0.995764830946971,0.13789055843194442
N2SFWOb,0.9957353474777136,0.6744868915704284
NSNOb,0.9955088764168735,0.17144548937535287
QUANTn,0.9954735324558758,0.2291142799499708
CONJscom,0.9949934111727362,0.17046829108011285
NSVOb,0.9949800676881222,0.1434567345187498
EMOser,0.9940926305944799,0.31110228520897965
EMOeag,0.993904961258936,0.2249028198286511
