feature,JS_divergence,Wasserstein
1GNLFm,0.757216717542641,154.45268450012753
1GNLFw,0.7542132148316634,153.0046778621223
1GNLFb,0.7542027275894821,152.8033538183788
1GNLFn,0.7574409736064952,152.68584437237882
1GNLFf,0.7549242497487746,150.54935982881412
1GNLFtv,0.7530732535968658,147.1352443620477
1GNLFs,0.7498849161520269,146.9165180006393
1GNLFa,0.7491511934718663,146.585578442081
2GNLFm,0.6982651358646642,57.846235419088295
2GNLFb,0.6692291344886633,55.10093287842263
