feature,JS_divergence,Wasserstein
2GNLFtv,0.7477404695568541,28.533801750947383
2GNLFs,0.7245327319323654,27.095113402839434
FryX,0.7822639010932768,26.524653447165157
1GNLFtv,0.45584009814860416,26.514845729883586
1GNLFs,0.43644214774090984,24.456925562116854
2GNLFb,0.6503384037925243,24.235116668992408
1GNLFb,0.4235788999964841,23.146480428600775
2GNLFw,0.6352079512881766,22.984035444230727
1GNLFw,0.4184869228915443,22.53973043157359
FKGL,0.7520013909454362,22.258564619203703
