feature,JS_divergence,Wasserstein
EMOser,0.9907640140793857,0.25548744006465424
EMOcon,0.9896602383087467,0.23544753701737986
NSVOb,0.9881503344835245,0.12846139360007597
CONJscond,0.9862551984665766,0.0874626684027502
QUANTn,0.9857842419736788,0.08641306729423062
EMOsad,0.9823715460027198,0.0785998184751212
EMOsur,0.9816410621308742,0.22039838931427105
N2SVOb,0.9808315133583433,0.18732870898113888
CONJsm,0.9805175043314962,0.08609448000284317
EMOcal,0.9799041494698698,0.19760055192049153
