feature,JS_divergence,Wasserstein
FryX,0.8797994526263844,32.81394316026575
FKGL,0.8566213309680799,28.06694905025705
LIX,0.8388643937813693,17.260745957701893
2GNLFtv,0.5483924531823535,17.094694578000425
2GNLFs,0.48685981262092526,14.748708510883391
1GNLFtv,0.27013282774997555,11.929978592549771
2GNLFb,0.40164331739785075,11.86213549354444
1GNLFf,0.2683137108603879,11.834069881631846
1GNLFm,0.25916187200687896,11.832857632525538
2GNLFf,0.4326719616896295,11.60789925089894
