feature,JS_divergence,Wasserstein
NSVOb,0.9660773838380182,0.1078346950637473
EMOcon,0.9618010683997216,0.15781305095160103
N2SVOb,0.9618007826237556,0.13983918248834293
QUANTn,0.9603180968239049,0.07694012084479243
NSVOsn,0.9528366038466793,0.03299011159445599
EMOtru,0.9522313557841565,0.10816730450884324
CONJsm,0.9481377569294711,0.09625018219529285
EMOacc,0.9478112294797357,0.07003637226419984
EMOant,0.9473148923122061,0.10229381247500659
NSVO,0.9466115432848643,0.006183500186897524
