feature,JS_divergence,Wasserstein
EMOser,0.9897702040961067,0.25551711911592384
QUANTn,0.9888404491123458,0.08305920580080937
CONJscond,0.9858460896921849,0.08732240720700507
EMOcon,0.9844193770088627,0.22706966304113513
NSVOb,0.9840041197385226,0.1292504857193712
EMOsad,0.9801395129757356,0.06883253808001558
EMOcal,0.9793746513001622,0.19624988336531107
EMOsur,0.9791719727111307,0.21473439356746504
PREPc,0.9783135911570364,0.03303018849141739
EMOdel,0.9752886962824973,0.2682710009732341
