feature,JS_divergence,Wasserstein
2GNLFtv,0.7400955818395624,27.759033125260167
2GNLFs,0.7238173792232785,26.72769029595121
FryX,0.788073230215592,26.518653516373124
2GNLFb,0.6451153429676246,23.545242722032473
2GNLFw,0.6301732126652172,22.376356650282116
FKGL,0.7515153648762237,22.215547190887765
1GNLFtv,0.4131775632464707,21.91291785651073
1GNLFs,0.39622860405275856,20.505662347395578
2GNLFf,0.6058409849522446,20.3443329348406
1GNLFb,0.38043610234707065,19.19185279006252
