feature,JS_divergence,Wasserstein
1GNLFb,0.7322714009177497,166.83488896230818
1GNLFw,0.7318336637184334,166.7032920461307
1GNLFm,0.7328567980330133,166.25331739768765
1GNLFn,0.7337345635511585,164.62744573644156
1GNLFf,0.729739805420633,163.01164247133613
1GNLFs,0.731794846273802,162.12099318839114
1GNLFtv,0.7317329250658611,161.8742254301377
1GNLFa,0.7270283139087333,159.17871692039142
2GNLFb,0.6792861390056779,67.87447502734875
2GNLFm,0.6884727354171187,66.96163161518561
