feature,JS_divergence,Wasserstein
QUANTn,0.9954130790791627,0.1912995304364727
N2SLOb,0.9953559344874585,0.6843992449374241
EMOcon,0.9952174929745768,0.21320698380301167
NSVOb,0.9948265613995368,0.14742069892369436
N2SFWOb,0.9947961396769158,0.6613550761870219
EMOtru,0.9945940510673867,0.2780862619932555
EMOeag,0.9937601996583065,0.2380829778278793
EMOser,0.9935736307982984,0.30368270437019024
NSNOb,0.9935424116391255,0.17897211785513917
CONJscond,0.9930266412504349,0.12030122824994571
