trait,type,TP,FP,FN,TN,Precision,Recall,F1
age,explicit,32,8,5,55,0.8,0.8648648648648649,0.8311688311688312
age,implicit,0,0,3,97,0.0,0.0,0.0
age,overall,34,6,7,53,0.85,0.8292682926829268,0.8395061728395061
gender,explicit,3,1,20,76,0.75,0.13043478260869565,0.22222222222222218
gender,implicit,2,1,15,82,0.6666666666666666,0.11764705882352941,0.2
gender,overall,6,1,34,59,0.8571428571428571,0.15,0.2553191489361702
education,explicit,2,2,9,87,0.5,0.18181818181818182,0.26666666666666666
education,implicit,7,24,1,68,0.22580645161290322,0.875,0.358974358974359
education,overall,18,17,1,64,0.5142857142857142,0.9473684210526315,0.6666666666666666
