feature,JS_divergence,Wasserstein
NSVOb,0.9726156256454381,0.11204836898516156
N2SVOb,0.9718482782011717,0.14826417746736845
EMOcon,0.9706004714121087,0.1908571550079914
EMOtru,0.9703058268564143,0.16760144097272023
QUANTn,0.9702574053781352,0.08289656142139772
ORDD,0.970060026645601,0.006554079822201197
N2SNOb,0.9659435862973625,0.217272934999891
NSVOsn,0.9656459323031759,0.03470338830432762
EMOeag,0.9650859595652019,0.1588324417033917
N2SVOsn,0.9622167246630037,0.03792243222091779
