feature,JS_divergence,Wasserstein
FryX,0.7967692197204066,31.02168586546904
FKGL,0.766850031155566,25.959482130694933
2GNLFtv,0.5605743171916275,18.184888351844194
1GNLFtv,0.34586461635478055,17.874631319882425
1GNLFf,0.33833449947033234,17.565071656871364
1GNLFw,0.3272540825056801,17.258022586214736
1GNLFb,0.32780298548255293,17.249463790948077
1GNLFs,0.32917927733774943,17.010292915426554
1GNLFm,0.3239217283697671,16.938302901759098
1GNLFn,0.32801561246335753,16.80932861304936
