feature,JS_divergence,Wasserstein
EMOser,0.9836060576669688,0.16356297282365795
EMOcon,0.9816356633889706,0.1564391715738386
EMOsur,0.9793027388008357,0.2556395945093343
EMOcal,0.9767832090163691,0.11812078763132378
PREPc,0.9757143273014972,0.036117631092096654
EMOsad,0.9749050816533344,0.06942864180896184
EMOdel,0.9740039825868229,0.2654551038790781
NSVOb,0.9718491299895312,0.12360663551581097
EMOant,0.9714679687526585,0.13554690300438907
N2SAdvOb,0.9705509650359634,0.061760034967704824
