feature,JS_divergence,Wasserstein
FryX,0.8092877859709413,26.444355213376454
FKGL,0.7902298042689078,22.781069790143576
2GNLFtv,0.647714987471345,22.69455993420586
2GNLFs,0.606452210078205,20.460456446402333
1GNLFtv,0.382474279343097,19.250552613176644
1GNLFs,0.3623796396700522,17.540396958384584
1GNLFf,0.3610321057768203,17.176155875205268
1GNLFb,0.3518490943460805,16.649357066252996
2GNLFb,0.5114307453387454,16.5333971447547
1GNLFw,0.35034842185428505,16.448411462565602
