feature,JS_divergence,Wasserstein
EMOcon,0.9941063050461643,0.13890108310736732
EMOser,0.9930340345424455,0.1883816802911617
QUANTn,0.9909463105168288,0.12923386518641328
NSVOb,0.9897491046826279,0.1503259109628258
CONJsm,0.9866648671274286,0.09462370568051137
CONJscond,0.9863908838578499,0.09809422248812287
EMOeag,0.9861000299907055,0.15426855597877737
N2SVOb,0.9849908701649452,0.2183630306378604
EMOant,0.9842986500314967,0.12919811570164352
EMOtru,0.9836083295842677,0.1702382855462172
