feature,JS_divergence,Wasserstein
1GNLFm,0.5977058426400855,72.96750860537858
1GNLFw,0.5886620643366839,72.09309747496286
1GNLFn,0.5966912216591673,72.08418216875397
1GNLFb,0.5892563277744013,72.07866908482801
1GNLFf,0.5887777599784645,70.8143496528451
1GNLFs,0.583886150058698,69.45875912740235
1GNLFa,0.5893464083765962,69.10936173402392
1GNLFtv,0.5817601165278112,69.09327827728882
2GNLFm,0.5261600078878094,26.52825843129529
2GNLFb,0.49318033076247675,25.220995467936973
