feature,JS_divergence,Wasserstein
N2SVOb,0.9690251863919291,0.14635294560867457
NSVOb,0.9687365951566225,0.10869246392167839
EMOcon,0.9680665713210012,0.16398361809837042
QUANTn,0.9669069405658446,0.08256992088778878
EMOtru,0.963408912299168,0.14868584450467773
ORDD,0.9590697185649539,0.005963685892601388
CONJsm,0.956986793056286,0.07958031937685416
NSVOsn,0.9569686250758812,0.032703119742658
N2SVOsn,0.9562777022152923,0.037298572902061344
EMOeag,0.9555269386404438,0.1476691458077713
