feature,JS_divergence,Wasserstein
FryX,0.8312874272269426,30.61718942039399
FKGL,0.7974625868944157,25.677405208489812
2GNLFtv,0.5121512847711005,15.63584786413695
LIX,0.7696482835882102,15.222522349320958
1GNLFtv,0.3064269569288709,14.500729011217626
1GNLFb,0.2913891605909367,14.025212483336324
1GNLFw,0.2913262615170642,14.023609816924576
1GNLFf,0.29897751369439474,13.974510302954489
1GNLFm,0.29009166168124084,13.84477783652325
1GNLFs,0.2903511645027804,13.72627468831078
