feature,JS_divergence,Wasserstein
FryX,0.7995298880920407,26.058205165747836
2GNLFtv,0.6562555193382443,22.998910016199492
FKGL,0.7678989128345951,21.893236637324364
2GNLFs,0.608148567035501,20.590864718394265
1GNLFtv,0.39581459834919086,20.48291398031946
1GNLFs,0.372820244859557,18.285652736142147
1GNLFf,0.36731203670217627,17.616502756189586
2GNLFf,0.5589143828136063,17.492276419498634
1GNLFb,0.3613051940748091,17.288394826646716
2GNLFb,0.5212120022036223,17.12717172844045
