feature,JS_divergence,Wasserstein
EMOser,0.984371474467683,0.16697639269585388
EMOcon,0.9792209028537366,0.1815114495875115
EMOsad,0.9782399538381817,0.06553977111073601
PREPc,0.9763645647163907,0.0354620388771433
EMOcal,0.9758688063107507,0.12478456427071302
EMOsur,0.9748847239106972,0.20624270757199628
NSVOb,0.9724051070559092,0.12215293497593614
EMOdel,0.9713917060500887,0.23306427215243422
QUANTn,0.9713698691243672,0.08035733014818236
N2SAdvOb,0.970493874065971,0.06148015234963701
